"V1","V2","V3","V4","V5","V6","V7","V8","V9","V10","V11","V12","V13","target"
18,0,6.575,4.09,296,396.9,0.00632,2.31,0.538,65.2,1,15.3,4.98,24
0,0,6.421,4.9671,242,396.9,0.02731,7.07,0.469,78.9,2,17.8,9.14,21.6
0,0,7.185,4.9671,242,392.83,0.02729,7.07,0.469,61.1,2,17.8,4.03,34.7
0,0,6.998,6.0622,222,394.63,0.03237,2.18,0.458,45.8,3,18.7,2.94,33.4
0,0,7.147,6.0622,222,396.9,0.06905,2.18,0.458,54.2,3,18.7,5.33,36.2
0,0,6.43,6.0622,222,394.12,0.02985,2.18,0.458,58.7,3,18.7,5.21,28.7
12.5,0,6.012,5.5605,311,395.6,0.08829,7.87,0.524,66.6,5,15.2,12.43,22.9
12.5,0,6.172,5.9505,311,396.9,0.14455,7.87,0.524,96.1,5,15.2,19.15,27.1
12.5,0,5.631,6.0821,311,386.63,0.21124,7.87,0.524,100,5,15.2,29.93,16.5
12.5,0,6.004,6.5921,311,386.71,0.17004,7.87,0.524,85.9,5,15.2,17.1,18.9
12.5,0,6.377,6.3467,311,392.52,0.22489,7.87,0.524,94.3,5,15.2,20.45,15
12.5,0,6.009,6.2267,311,396.9,0.11747,7.87,0.524,82.9,5,15.2,13.27,18.9
12.5,0,5.889,5.4509,311,390.5,0.09378,7.87,0.524,39,5,15.2,15.71,21.7
0,0,5.949,4.7075,307,396.9,0.62976,8.14,0.538,61.8,4,21,8.26,20.4
0,0,6.096,4.4619,307,380.02,0.63796,8.14,0.538,84.5,4,21,10.26,18.2
0,0,5.834,4.4986,307,395.62,0.62739,8.14,0.538,56.5,4,21,8.47,19.9
0,0,5.935,4.4986,307,386.85,1.05393,8.14,0.538,29.3,4,21,6.58,23.1
0,0,5.99,4.2579,307,386.75,0.7842,8.14,0.538,81.7,4,21,14.67,17.5
0,0,5.456,3.7965,307,288.99,0.80271,8.14,0.538,36.6,4,21,11.69,20.2
0,0,5.727,3.7965,307,390.95,0.7258,8.14,0.538,69.5,4,21,11.28,18.2
0,0,5.57,3.7979,307,376.57,1.25179,8.14,0.538,98.1,4,21,21.02,13.6
0,0,5.965,4.0123,307,392.53,0.85204,8.14,0.538,89.2,4,21,13.83,19.6
0,0,6.142,3.9769,307,396.9,1.23247,8.14,0.538,91.7,4,21,18.72,15.2
0,0,5.813,4.0952,307,394.54,0.98843,8.14,0.538,100,4,21,19.88,14.5
0,0,5.924,4.3996,307,394.33,0.75026,8.14,0.538,94.1,4,21,16.3,15.6
0,0,5.599,4.4546,307,303.42,0.84054,8.14,0.538,85.7,4,21,16.51,13.9
0,0,5.813,4.682,307,376.88,0.67191,8.14,0.538,90.3,4,21,14.81,16.6
0,0,6.047,4.4534,307,306.38,0.95577,8.14,0.538,88.8,4,21,17.28,14.8
0,0,6.495,4.4547,307,387.94,0.77299,8.14,0.538,94.4,4,21,12.8,18.4
0,0,6.674,4.239,307,380.23,1.00245,8.14,0.538,87.3,4,21,11.98,21
0,0,5.713,4.233,307,360.17,1.13081,8.14,0.538,94.1,4,21,22.6,12.7
0,0,6.072,4.175,307,376.73,1.35472,8.14,0.538,100,4,21,13.04,14.5
0,0,5.95,3.99,307,232.6,1.38799,8.14,0.538,82,4,21,27.71,13.2
0,0,5.701,3.7872,307,358.77,1.15172,8.14,0.538,95,4,21,18.35,13.1
0,0,6.096,3.7598,307,248.31,1.61282,8.14,0.538,96.9,4,21,20.34,13.5
0,0,5.933,3.3603,279,396.9,0.06417,5.96,0.499,68.2,5,19.2,9.68,18.9
0,0,5.841,3.3779,279,377.56,0.09744,5.96,0.499,61.4,5,19.2,11.41,20
0,0,5.85,3.9342,279,396.9,0.08014,5.96,0.499,41.5,5,19.2,8.77,21
0,0,5.966,3.8473,279,393.43,0.17505,5.96,0.499,30.2,5,19.2,10.13,24.7
75,0,6.595,5.4011,252,395.63,0.02763,2.95,0.428,21.8,3,18.3,4.32,30.8
75,0,7.024,5.4011,252,395.62,0.03359,2.95,0.428,15.8,3,18.3,1.98,34.9
0,0,6.77,5.7209,233,385.41,0.12744,6.91,0.448,2.9,3,17.9,4.84,26.6
0,0,6.169,5.7209,233,383.37,0.1415,6.91,0.448,6.6,3,17.9,5.81,25.3
0,0,6.211,5.7209,233,394.46,0.15936,6.91,0.448,6.5,3,17.9,7.44,24.7
0,0,6.069,5.7209,233,389.39,0.12269,6.91,0.448,40,3,17.9,9.55,21.2
0,0,5.682,5.1004,233,396.9,0.17142,6.91,0.448,33.8,3,17.9,10.21,19.3
0,0,5.786,5.1004,233,396.9,0.18836,6.91,0.448,33.3,3,17.9,14.15,20
0,0,6.03,5.6894,233,392.74,0.22927,6.91,0.448,85.5,3,17.9,18.8,16.6
0,0,5.399,5.87,233,396.9,0.25387,6.91,0.448,95.3,3,17.9,30.81,14.4
0,0,5.602,6.0877,233,396.9,0.21977,6.91,0.448,62,3,17.9,16.2,19.4
21,0,5.963,6.8147,243,395.56,0.08873,5.64,0.439,45.7,4,16.8,13.45,19.7
21,0,6.115,6.8147,243,393.97,0.04337,5.64,0.439,63,4,16.8,9.43,20.5
21,0,6.511,6.8147,243,396.9,0.0536,5.64,0.439,21.1,4,16.8,5.28,25
21,0,5.998,6.8147,243,396.9,0.04981,5.64,0.439,21.4,4,16.8,8.43,23.4
75,0,5.888,7.3197,469,396.9,0.0136,4,0.41,47.6,3,21.1,14.8,18.9
90,0,7.249,8.6966,226,395.93,0.01311,1.22,0.403,21.9,5,17.9,4.81,35.4
85,0,6.383,9.1876,313,396.9,0.02055,0.74,0.41,35.7,2,17.3,5.77,24.7
100,0,6.816,8.3248,256,392.9,0.01432,1.32,0.411,40.5,5,15.1,3.95,31.6
25,0,6.145,7.8148,284,390.68,0.15445,5.13,0.453,29.2,8,19.7,6.86,23.3
25,0,5.927,6.932,284,396.9,0.10328,5.13,0.453,47.2,8,19.7,9.22,19.6
25,0,5.741,7.2254,284,395.11,0.14932,5.13,0.453,66.2,8,19.7,13.15,18.7
25,0,5.966,6.8185,284,378.08,0.17171,5.13,0.453,93.4,8,19.7,14.44,16
25,0,6.456,7.2255,284,396.9,0.11027,5.13,0.453,67.8,8,19.7,6.73,22.2
25,0,6.762,7.9809,284,395.58,0.1265,5.13,0.453,43.4,8,19.7,9.5,25
17.5,0,7.104,9.2229,216,393.24,0.01951,1.38,0.4161,59.5,3,18.6,8.05,33
80,0,6.29,6.6115,337,396.9,0.03584,3.37,0.398,17.8,4,16.1,4.67,23.5
80,0,5.787,6.6115,337,396.9,0.04379,3.37,0.398,31.1,4,16.1,10.24,19.4
12.5,0,5.878,6.498,345,396.21,0.05789,6.07,0.409,21.4,4,18.9,8.1,22
12.5,0,5.594,6.498,345,396.9,0.13554,6.07,0.409,36.8,4,18.9,13.09,17.4
12.5,0,5.885,6.498,345,396.9,0.12816,6.07,0.409,33,4,18.9,8.79,20.9
0,0,6.417,5.2873,305,383.73,0.08826,10.81,0.413,6.6,4,19.2,6.72,24.2
0,0,5.961,5.2873,305,376.94,0.15876,10.81,0.413,17.5,4,19.2,9.88,21.7
0,0,6.065,5.2873,305,390.91,0.09164,10.81,0.413,7.8,4,19.2,5.52,22.8
0,0,6.245,5.2873,305,377.17,0.19539,10.81,0.413,6.2,4,19.2,7.54,23.4
0,0,6.273,4.2515,398,394.92,0.07896,12.83,0.437,6,5,18.7,6.78,24.1
0,0,6.286,4.5026,398,383.23,0.09512,12.83,0.437,45,5,18.7,8.94,21.4
0,0,6.279,4.0522,398,373.66,0.10153,12.83,0.437,74.5,5,18.7,11.97,20
0,0,6.14,4.0905,398,386.96,0.08707,12.83,0.437,45.8,5,18.7,10.27,20.8
0,0,6.232,5.0141,398,386.4,0.05646,12.83,0.437,53.7,5,18.7,12.34,21.2
0,0,5.874,4.5026,398,396.06,0.08387,12.83,0.437,36.6,5,18.7,9.1,20.3
25,0,6.727,5.4007,281,396.9,0.04113,4.86,0.426,33.5,4,19,5.29,28
25,0,6.619,5.4007,281,395.63,0.04462,4.86,0.426,70.4,4,19,7.22,23.9
25,0,6.302,5.4007,281,396.9,0.03659,4.86,0.426,32.2,4,19,6.72,24.8
25,0,6.167,5.4007,281,390.64,0.03551,4.86,0.426,46.7,4,19,7.51,22.9
0,0,6.389,4.7794,247,396.9,0.05059,4.49,0.449,48,3,18.5,9.62,23.9
0,0,6.63,4.4377,247,392.3,0.05735,4.49,0.449,56.1,3,18.5,6.53,26.6
0,0,6.015,4.4272,247,395.99,0.05188,4.49,0.449,45.1,3,18.5,12.86,22.5
0,0,6.121,3.7476,247,395.15,0.07151,4.49,0.449,56.8,3,18.5,8.44,22.2
0,0,7.007,3.4217,270,396.9,0.0566,3.41,0.489,86.3,2,17.8,5.5,23.6
0,0,7.079,3.4145,270,396.06,0.05302,3.41,0.489,63.1,2,17.8,5.7,28.7
0,0,6.417,3.0923,270,392.18,0.04684,3.41,0.489,66.1,2,17.8,8.81,22.6
0,0,6.405,3.0921,270,393.55,0.03932,3.41,0.489,73.9,2,17.8,8.2,22
28,0,6.442,3.6659,270,395.01,0.04203,15.04,0.464,53.6,4,18.2,8.16,22.9
28,0,6.211,3.6659,270,396.33,0.02875,15.04,0.464,28.9,4,18.2,6.21,25
28,0,6.249,3.615,270,396.9,0.04294,15.04,0.464,77.3,4,18.2,10.59,20.6
0,0,6.625,3.4952,276,357.98,0.12204,2.89,0.445,57.8,2,18,6.65,28.4
0,0,6.163,3.4952,276,391.83,0.11504,2.89,0.445,69.6,2,18,11.34,21.4
0,0,8.069,3.4952,276,396.9,0.12083,2.89,0.445,76,2,18,4.21,38.7
0,0,7.82,3.4952,276,393.53,0.08187,2.89,0.445,36.9,2,18,3.57,43.8
0,0,7.416,3.4952,276,396.9,0.0686,2.89,0.445,62.5,2,18,6.19,33.2
0,0,6.727,2.7778,384,394.76,0.14866,8.56,0.52,79.9,5,20.9,9.42,27.5
0,0,6.781,2.8561,384,395.58,0.11432,8.56,0.52,71.3,5,20.9,7.67,26.5
0,0,6.405,2.7147,384,70.8,0.22876,8.56,0.52,85.4,5,20.9,10.63,18.6
0,0,6.137,2.7147,384,394.47,0.21161,8.56,0.52,87.4,5,20.9,13.44,19.3
0,0,6.167,2.421,384,392.69,0.1396,8.56,0.52,90,5,20.9,12.33,20.1
0,0,5.851,2.1069,384,394.05,0.13262,8.56,0.52,96.7,5,20.9,16.47,19.5
0,0,5.836,2.211,384,395.67,0.1712,8.56,0.52,91.9,5,20.9,18.66,19.5
0,0,6.127,2.1224,384,387.69,0.13117,8.56,0.52,85.2,5,20.9,14.09,20.4
0,0,6.474,2.4329,384,395.24,0.12802,8.56,0.52,97.1,5,20.9,12.27,19.8
0,0,6.229,2.5451,384,391.23,0.26363,8.56,0.52,91.2,5,20.9,15.55,19.4
0,0,6.195,2.7778,384,393.49,0.10793,8.56,0.52,54.4,5,20.9,13,21.7
0,0,6.715,2.6775,432,395.59,0.10084,10.01,0.547,81.6,6,17.8,10.16,22.8
0,0,5.913,2.3534,432,394.95,0.12329,10.01,0.547,92.9,6,17.8,16.21,18.8
0,0,6.092,2.548,432,396.9,0.22212,10.01,0.547,95.4,6,17.8,17.09,18.7
0,0,6.254,2.2565,432,388.74,0.14231,10.01,0.547,84.2,6,17.8,10.45,18.5
0,0,5.928,2.4631,432,344.91,0.17134,10.01,0.547,88.2,6,17.8,15.76,18.3
0,0,6.176,2.7301,432,393.3,0.13158,10.01,0.547,72.5,6,17.8,12.04,21.2
0,0,6.021,2.7474,432,394.51,0.15098,10.01,0.547,82.6,6,17.8,10.3,19.2
0,0,5.872,2.4775,432,338.63,0.13058,10.01,0.547,73.1,6,17.8,15.37,20.4
0,0,5.731,2.7592,432,391.5,0.14476,10.01,0.547,65.2,6,17.8,13.61,19.3
0,0,5.87,2.2577,188,389.15,0.06899,25.65,0.581,69.7,2,19.1,14.37,22
0,0,6.004,2.1974,188,377.67,0.07165,25.65,0.581,84.1,2,19.1,14.27,20.3
0,0,5.961,2.0869,188,378.09,0.09299,25.65,0.581,92.9,2,19.1,17.93,20.5
0,0,5.856,1.9444,188,370.31,0.15038,25.65,0.581,97,2,19.1,25.41,17.3
0,0,5.879,2.0063,188,379.38,0.09849,25.65,0.581,95.8,2,19.1,17.58,18.8
0,0,5.986,1.9929,188,385.02,0.16902,25.65,0.581,88.4,2,19.1,14.81,21.4
0,0,5.613,1.7572,188,359.29,0.38735,25.65,0.581,95.6,2,19.1,27.26,15.7
0,0,5.693,1.7883,437,392.11,0.25915,21.89,0.624,96,4,21.2,17.19,16.2
0,0,6.431,1.8125,437,396.9,0.32543,21.89,0.624,98.8,4,21.2,15.39,18
0,0,5.637,1.9799,437,396.9,0.88125,21.89,0.624,94.7,4,21.2,18.34,14.3
0,0,6.458,2.1185,437,395.04,0.34006,21.89,0.624,98.9,4,21.2,12.6,19.2
0,0,6.326,2.271,437,396.9,1.19294,21.89,0.624,97.7,4,21.2,12.26,19.6
0,0,6.372,2.3274,437,385.76,0.59005,21.89,0.624,97.9,4,21.2,11.12,23
0,0,5.822,2.4699,437,388.69,0.32982,21.89,0.624,95.4,4,21.2,15.03,18.4
0,0,5.757,2.346,437,262.76,0.97617,21.89,0.624,98.4,4,21.2,17.31,15.6
0,0,6.335,2.1107,437,394.67,0.55778,21.89,0.624,98.2,4,21.2,16.96,18.1
0,0,5.942,1.9669,437,378.25,0.32264,21.89,0.624,93.5,4,21.2,16.9,17.4
0,0,6.454,1.8498,437,394.08,0.35233,21.89,0.624,98.4,4,21.2,14.59,17.1
0,0,5.857,1.6686,437,392.04,0.2498,21.89,0.624,98.2,4,21.2,21.32,13.3
0,0,6.151,1.6687,437,396.9,0.54452,21.89,0.624,97.9,4,21.2,18.46,17.8
0,0,6.174,1.6119,437,388.08,0.2909,21.89,0.624,93.6,4,21.2,24.16,14
0,0,5.019,1.4394,437,396.9,1.62864,21.89,0.624,100,4,21.2,34.41,14.4
0,1,5.403,1.3216,403,396.9,3.32105,19.58,0.871,100,5,14.7,26.82,13.4
0,0,5.468,1.4118,403,396.9,4.0974,19.58,0.871,100,5,14.7,26.42,15.6
0,0,4.903,1.3459,403,396.9,2.77974,19.58,0.871,97.8,5,14.7,29.29,11.8
0,0,6.13,1.4191,403,172.91,2.37934,19.58,0.871,100,5,14.7,27.8,13.8
0,0,5.628,1.5166,403,169.27,2.15505,19.58,0.871,100,5,14.7,16.65,15.6
0,0,4.926,1.4608,403,391.71,2.36862,19.58,0.871,95.7,5,14.7,29.53,14.6
0,0,5.186,1.5296,403,356.99,2.33099,19.58,0.871,93.8,5,14.7,28.32,17.8
0,0,5.597,1.5257,403,351.85,2.73397,19.58,0.871,94.9,5,14.7,21.45,15.4
0,0,6.122,1.618,403,372.8,1.6566,19.58,0.871,97.3,5,14.7,14.1,21.5
0,0,5.404,1.5916,403,341.6,1.49632,19.58,0.871,100,5,14.7,13.28,19.6
0,1,5.012,1.6102,403,343.28,1.12658,19.58,0.871,88,5,14.7,12.12,15.3
0,0,5.709,1.6232,403,261.95,2.14918,19.58,0.871,98.5,5,14.7,15.79,19.4
0,1,6.129,1.7494,403,321.02,1.41385,19.58,0.871,96,5,14.7,15.12,17
0,1,6.152,1.7455,403,88.01,3.53501,19.58,0.871,82.6,5,14.7,15.02,15.6
0,0,5.272,1.7364,403,88.63,2.44668,19.58,0.871,94,5,14.7,16.14,13.1
0,0,6.943,1.8773,403,363.43,1.22358,19.58,0.605,97.4,5,14.7,4.59,41.3
0,0,6.066,1.7573,403,353.89,1.34284,19.58,0.605,100,5,14.7,6.43,24.3
0,0,6.51,1.7659,403,364.31,1.42502,19.58,0.871,100,5,14.7,7.39,23.3
0,1,6.25,1.7984,403,338.92,1.27346,19.58,0.605,92.6,5,14.7,5.5,27
0,0,7.489,1.9709,403,374.43,1.46336,19.58,0.605,90.8,5,14.7,1.73,50
0,1,7.802,2.0407,403,389.61,1.83377,19.58,0.605,98.2,5,14.7,1.92,50
0,1,8.375,2.162,403,388.45,1.51902,19.58,0.605,93.9,5,14.7,3.32,50
0,0,5.854,2.422,403,395.11,2.24236,19.58,0.605,91.8,5,14.7,11.64,22.7
0,0,6.101,2.2834,403,240.16,2.924,19.58,0.605,93,5,14.7,9.81,25
0,0,7.929,2.0459,403,369.3,2.01019,19.58,0.605,96.2,5,14.7,3.7,50
0,0,5.877,2.4259,403,227.61,1.80028,19.58,0.605,79.2,5,14.7,12.14,23.8
0,0,6.319,2.1,403,297.09,2.3004,19.58,0.605,96.1,5,14.7,11.1,23.8
0,0,6.402,2.2625,403,330.04,2.44953,19.58,0.605,95.2,5,14.7,11.32,22.3
0,0,5.875,2.4259,403,292.29,1.20742,19.58,0.605,94.6,5,14.7,14.43,17.4
0,0,5.88,2.3887,403,348.13,2.3139,19.58,0.605,97.3,5,14.7,12.03,19.1
0,0,5.572,2.5961,296,396.9,0.13914,4.05,0.51,88.5,5,16.6,14.69,23.1
0,0,6.416,2.6463,296,395.5,0.09178,4.05,0.51,84.1,5,16.6,9.04,23.6
0,0,5.859,2.7019,296,393.23,0.08447,4.05,0.51,68.7,5,16.6,9.64,22.6
0,0,6.546,3.1323,296,390.96,0.06664,4.05,0.51,33.1,5,16.6,5.33,29.4
0,0,6.02,3.5549,296,393.23,0.07022,4.05,0.51,47.2,5,16.6,10.11,23.2
0,0,6.315,3.3175,296,395.6,0.05425,4.05,0.51,73.4,5,16.6,6.29,24.6
0,0,6.86,2.9153,296,391.27,0.06642,4.05,0.51,74.4,5,16.6,6.92,29.9
0,0,6.98,2.829,193,396.9,0.0578,2.46,0.488,58.4,3,17.8,5.04,37.2
0,0,7.765,2.741,193,395.56,0.06588,2.46,0.488,83.3,3,17.8,7.56,39.8
0,0,6.144,2.5979,193,396.9,0.06888,2.46,0.488,62.2,3,17.8,9.45,36.2
0,0,7.155,2.7006,193,394.12,0.09103,2.46,0.488,92.2,3,17.8,4.82,37.9
0,0,6.563,2.847,193,396.9,0.10008,2.46,0.488,95.6,3,17.8,5.68,32.5
0,0,5.604,2.9879,193,391,0.08308,2.46,0.488,89.8,3,17.8,13.98,26.4
0,0,6.153,3.2797,193,387.11,0.06047,2.46,0.488,68.8,3,17.8,13.15,29.6
0,0,7.831,3.1992,193,392.63,0.05602,2.46,0.488,53.6,3,17.8,4.45,50
45,0,6.782,3.7886,398,393.87,0.07875,3.44,0.437,41.1,5,15.2,6.68,32
45,0,6.556,4.5667,398,382.84,0.12579,3.44,0.437,29.1,5,15.2,4.56,29.8
45,0,7.185,4.5667,398,396.9,0.0837,3.44,0.437,38.9,5,15.2,5.39,34.9
45,0,6.951,6.4798,398,377.68,0.09068,3.44,0.437,21.5,5,15.2,5.1,37
45,0,6.739,6.4798,398,389.71,0.06911,3.44,0.437,30.8,5,15.2,4.69,30.5
45,0,7.178,6.4798,398,390.49,0.08664,3.44,0.437,26.3,5,15.2,2.87,36.4
60,0,6.8,6.2196,265,393.37,0.02187,2.93,0.401,9.9,1,15.6,5.03,31.1
60,0,6.604,6.2196,265,376.7,0.01439,2.93,0.401,18.8,1,15.6,4.38,29.1
80,0,7.875,5.6484,255,394.23,0.01381,0.46,0.422,32,4,14.4,2.97,50
80,0,7.287,7.309,329,396.9,0.04011,1.52,0.404,34.1,2,12.6,4.08,33.3
80,0,7.107,7.309,329,354.31,0.04666,1.52,0.404,36.6,2,12.6,8.61,30.3
80,0,7.274,7.309,329,392.2,0.03768,1.52,0.404,38.3,2,12.6,6.62,34.6
95,0,6.975,7.6534,402,396.9,0.0315,1.47,0.403,15.3,3,17,4.56,34.9
95,0,7.135,7.6534,402,384.3,0.01778,1.47,0.403,13.9,3,17,4.45,32.9
82.5,0,6.162,6.27,348,393.77,0.03445,2.03,0.415,38.4,2,14.7,7.43,24.1
82.5,0,7.61,6.27,348,395.38,0.02177,2.03,0.415,15.7,2,14.7,3.11,42.3
95,0,7.853,5.118,224,392.78,0.0351,2.68,0.4161,33.2,4,14.7,3.81,48.5
95,0,8.034,5.118,224,390.55,0.02009,2.68,0.4161,31.9,4,14.7,2.88,50
0,0,5.891,3.9454,277,396.9,0.13642,10.59,0.489,22.3,4,18.6,10.87,22.6
0,0,6.326,4.3549,277,394.87,0.22969,10.59,0.489,52.5,4,18.6,10.97,24.4
0,0,5.783,4.3549,277,389.43,0.25199,10.59,0.489,72.7,4,18.6,18.06,22.5
0,1,6.064,4.2392,277,381.32,0.13587,10.59,0.489,59.1,4,18.6,14.66,24.4
0,1,5.344,3.875,277,396.9,0.43571,10.59,0.489,100,4,18.6,23.09,20
0,1,5.96,3.8771,277,393.25,0.17446,10.59,0.489,92.1,4,18.6,17.27,21.7
0,1,5.404,3.665,277,395.24,0.37578,10.59,0.489,88.6,4,18.6,23.98,19.3
0,1,5.807,3.6526,277,390.94,0.21719,10.59,0.489,53.8,4,18.6,16.03,22.4
0,0,6.375,3.9454,277,385.81,0.14052,10.59,0.489,32.3,4,18.6,9.38,28.1
0,0,5.412,3.5875,277,348.93,0.28955,10.59,0.489,9.8,4,18.6,29.55,23.7
0,0,6.182,3.9454,277,393.63,0.19802,10.59,0.489,42.4,4,18.6,9.47,25
0,1,5.888,3.1121,276,392.8,0.0456,13.89,0.55,56,5,16.4,13.51,23.3
0,0,6.642,3.4211,276,392.78,0.07013,13.89,0.55,85.1,5,16.4,9.69,28.7
0,1,5.951,2.8893,276,396.9,0.11069,13.89,0.55,93.8,5,16.4,17.92,21.5
0,1,6.373,3.3633,276,393.74,0.11425,13.89,0.55,92.4,5,16.4,10.5,23
0,1,6.951,2.8617,307,391.7,0.35809,6.2,0.507,88.5,8,17.4,9.71,26.7
0,1,6.164,3.048,307,395.24,0.40771,6.2,0.507,91.3,8,17.4,21.46,21.7
0,1,6.879,3.2721,307,390.39,0.62356,6.2,0.507,77.7,8,17.4,9.93,27.5
0,0,6.618,3.2721,307,396.9,0.6147,6.2,0.507,80.8,8,17.4,7.6,30.1
0,0,8.266,2.8944,307,385.05,0.31533,6.2,0.504,78.3,8,17.4,4.14,44.8
0,0,8.725,2.8944,307,382,0.52693,6.2,0.504,83,8,17.4,4.63,50
0,0,8.04,3.2157,307,387.38,0.38214,6.2,0.504,86.5,8,17.4,3.13,37.6
0,0,7.163,3.2157,307,372.08,0.41238,6.2,0.504,79.9,8,17.4,6.36,31.6
0,0,7.686,3.3751,307,377.51,0.29819,6.2,0.504,17,8,17.4,3.92,46.7
0,0,6.552,3.3751,307,380.34,0.44178,6.2,0.504,21.4,8,17.4,3.76,31.5
0,0,5.981,3.6715,307,378.35,0.537,6.2,0.504,68.1,8,17.4,11.65,24.3
0,0,7.412,3.6715,307,376.14,0.46296,6.2,0.504,76.9,8,17.4,5.25,31.7
0,0,8.337,3.8384,307,385.91,0.57529,6.2,0.507,73.3,8,17.4,2.47,41.7
0,0,8.247,3.6519,307,378.95,0.33147,6.2,0.507,70.4,8,17.4,3.95,48.3
0,1,6.726,3.6519,307,360.2,0.44791,6.2,0.507,66.5,8,17.4,8.05,29
0,0,6.086,3.6519,307,376.75,0.33045,6.2,0.507,61.5,8,17.4,10.88,24
0,1,6.631,4.148,307,388.45,0.52058,6.2,0.507,76.5,8,17.4,9.54,25.1
0,0,7.358,4.148,307,390.07,0.51183,6.2,0.507,71.6,8,17.4,4.73,31.5
30,0,6.481,6.1899,300,379.41,0.08244,4.93,0.428,18.5,6,16.6,6.36,23.7
30,0,6.606,6.1899,300,383.78,0.09252,4.93,0.428,42.2,6,16.6,7.37,23.3
30,0,6.897,6.3361,300,391.25,0.11329,4.93,0.428,54.3,6,16.6,11.38,22
30,0,6.095,6.3361,300,394.62,0.10612,4.93,0.428,65.1,6,16.6,12.4,20.1
30,0,6.358,7.0355,300,372.75,0.1029,4.93,0.428,52.9,6,16.6,11.22,22.2
30,0,6.393,7.0355,300,374.71,0.12757,4.93,0.428,7.8,6,16.6,5.19,23.7
22,0,5.593,7.9549,330,372.49,0.20608,5.86,0.431,76.5,7,19.1,12.5,17.6
22,0,5.605,7.9549,330,389.13,0.19133,5.86,0.431,70.2,7,19.1,18.46,18.5
22,0,6.108,8.0555,330,390.18,0.33983,5.86,0.431,34.9,7,19.1,9.16,24.3
22,0,6.226,8.0555,330,376.14,0.19657,5.86,0.431,79.2,7,19.1,10.15,20.5
22,0,6.433,7.8265,330,374.71,0.16439,5.86,0.431,49.1,7,19.1,9.52,24.5
22,0,6.718,7.8265,330,393.74,0.19073,5.86,0.431,17.5,7,19.1,6.56,26.2
22,0,6.487,7.3967,330,396.28,0.1403,5.86,0.431,13,7,19.1,5.9,24.4
22,0,6.438,7.3967,330,377.07,0.21409,5.86,0.431,8.9,7,19.1,3.59,24.8
22,0,6.957,8.9067,330,386.09,0.08221,5.86,0.431,6.8,7,19.1,3.53,29.6
22,0,8.259,8.9067,330,396.9,0.36894,5.86,0.431,8.4,7,19.1,3.54,42.8
80,0,6.108,9.2203,315,392.89,0.04819,3.64,0.392,32,1,16.4,6.57,21.9
80,0,5.876,9.2203,315,395.18,0.03548,3.64,0.392,19.1,1,16.4,9.25,20.9
90,0,7.454,6.3361,244,386.34,0.01538,3.75,0.394,34.2,3,15.9,3.11,44
20,0,8.704,1.801,264,389.7,0.61154,3.97,0.647,86.9,5,13,5.12,50
20,0,7.333,1.8946,264,383.29,0.66351,3.97,0.647,100,5,13,7.79,36
20,0,6.842,2.0107,264,391.93,0.65665,3.97,0.647,100,5,13,6.9,30.1
20,0,7.203,2.1121,264,392.8,0.54011,3.97,0.647,81.8,5,13,9.59,33.8
20,0,7.52,2.1398,264,388.37,0.53412,3.97,0.647,89.4,5,13,7.26,43.1
20,0,8.398,2.2885,264,386.86,0.52014,3.97,0.647,91.5,5,13,5.91,48.8
20,0,7.327,2.0788,264,393.42,0.82526,3.97,0.647,94.5,5,13,11.25,31
20,0,7.206,1.9301,264,387.89,0.55007,3.97,0.647,91.6,5,13,8.1,36.5
20,0,5.56,1.9865,264,392.4,0.76162,3.97,0.647,62.8,5,13,10.45,22.8
20,0,7.014,2.1329,264,384.07,0.7857,3.97,0.647,84.6,5,13,14.79,30.7
20,0,8.297,2.4216,264,384.54,0.57834,3.97,0.575,67,5,13,7.44,50
20,0,7.47,2.872,264,390.3,0.5405,3.97,0.575,52.6,5,13,3.16,43.5
20,1,5.92,3.9175,223,391.34,0.09065,6.96,0.464,61.5,3,18.6,13.65,20.7
20,0,5.856,4.429,223,388.65,0.29916,6.96,0.464,42.1,3,18.6,13,21.1
20,0,6.24,4.429,223,396.9,0.16211,6.96,0.464,16.3,3,18.6,6.59,25.2
20,0,6.538,3.9175,223,394.96,0.1146,6.96,0.464,58.7,3,18.6,7.73,24.4
20,1,7.691,4.3665,223,390.77,0.22188,6.96,0.464,51.8,3,18.6,6.58,35.2
40,1,6.758,4.0776,254,396.9,0.05644,6.41,0.447,32.9,4,17.6,3.53,32.4
40,0,6.854,4.2673,254,396.9,0.09604,6.41,0.447,42.8,4,17.6,2.98,32
40,1,7.267,4.7872,254,389.25,0.10469,6.41,0.447,49,4,17.6,6.05,33.2
40,1,6.826,4.8628,254,393.45,0.06127,6.41,0.447,27.6,4,17.6,4.16,33.1
40,0,6.482,4.1403,254,396.9,0.07978,6.41,0.447,32.1,4,17.6,7.19,29.1
20,0,6.812,4.1007,216,396.9,0.21038,3.33,0.4429,32.2,5,14.9,4.85,35.1
20,0,7.82,4.6947,216,387.31,0.03578,3.33,0.4429,64.5,5,14.9,3.76,45.4
20,0,6.968,5.2447,216,392.23,0.03705,3.33,0.4429,37.2,5,14.9,4.59,35.4
20,1,7.645,5.2119,216,377.07,0.06129,3.33,0.4429,49.7,5,14.9,3.01,46
90,1,7.923,5.885,198,395.52,0.01501,1.21,0.401,24.8,1,13.6,3.16,50
90,0,7.088,7.3073,285,394.72,0.00906,2.97,0.4,20.8,1,15.3,7.85,32.2
55,0,6.453,7.3073,300,394.72,0.01096,2.25,0.389,31.9,1,15.3,8.23,22
80,0,6.23,9.0892,241,341.6,0.01965,1.76,0.385,31.5,1,18.2,12.93,20.1
52.5,0,6.209,7.3172,293,396.9,0.03871,5.32,0.405,31.3,6,16.6,7.14,23.2
52.5,0,6.315,7.3172,293,396.9,0.0459,5.32,0.405,45.6,6,16.6,7.6,22.3
52.5,0,6.565,7.3172,293,371.72,0.04297,5.32,0.405,22.9,6,16.6,9.51,24.8
80,0,6.861,5.1167,245,396.9,0.03502,4.95,0.411,27.9,4,19.2,3.33,28.5
80,0,7.148,5.1167,245,396.9,0.07886,4.95,0.411,27.7,4,19.2,3.56,37.3
80,0,6.63,5.1167,245,396.9,0.03615,4.95,0.411,23.4,4,19.2,4.7,27.9
0,0,6.127,5.5027,289,396.9,0.08265,13.92,0.437,18.4,4,16,8.58,23.9
0,0,6.009,5.5027,289,396.9,0.08199,13.92,0.437,42.3,4,16,10.4,21.7
0,0,6.678,5.9604,289,396.9,0.12932,13.92,0.437,31.1,4,16,6.27,28.6
0,0,6.549,5.9604,289,392.85,0.05372,13.92,0.437,51,4,16,7.39,27.1
0,0,5.79,6.32,289,396.9,0.14103,13.92,0.437,58,4,16,15.84,20.3
70,0,6.345,7.8278,358,368.24,0.06466,2.24,0.4,20.1,5,14.8,4.97,22.5
70,0,7.041,7.8278,358,371.58,0.05561,2.24,0.4,10,5,14.8,4.74,29
70,0,6.871,7.8278,358,390.86,0.04417,2.24,0.4,47.4,5,14.8,6.07,24.8
34,0,6.59,5.4917,329,395.75,0.03537,6.09,0.433,40.4,7,16.1,9.5,22
34,0,6.495,5.4917,329,383.61,0.09266,6.09,0.433,18.4,7,16.1,8.67,26.4
34,0,6.982,5.4917,329,390.43,0.1,6.09,0.433,17.7,7,16.1,4.86,33.1
33,0,7.236,4.022,222,393.68,0.05515,2.18,0.472,41.1,7,18.4,6.93,36.1
33,0,6.616,3.37,222,393.36,0.05479,2.18,0.472,58.1,7,18.4,8.93,28.4
33,0,7.42,3.0992,222,396.9,0.07503,2.18,0.472,71.9,7,18.4,6.47,33.4
33,0,6.849,3.1827,222,396.9,0.04932,2.18,0.472,70.3,7,18.4,7.53,28.2
0,0,6.635,3.3175,304,396.9,0.49298,9.9,0.544,82.5,4,18.4,4.54,22.8
0,0,5.972,3.1025,304,396.24,0.3494,9.9,0.544,76.7,4,18.4,9.97,20.3
0,0,4.973,2.5194,304,350.45,2.63548,9.9,0.544,37.8,4,18.4,12.64,16.1
0,0,6.122,2.6403,304,396.9,0.79041,9.9,0.544,52.8,4,18.4,5.98,22.1
0,0,6.023,2.834,304,396.3,0.26169,9.9,0.544,90.4,4,18.4,11.72,19.4
0,0,6.266,3.2628,304,393.39,0.26938,9.9,0.544,82.8,4,18.4,7.9,21.6
0,0,6.567,3.6023,304,395.69,0.3692,9.9,0.544,87.3,4,18.4,9.28,23.8
0,0,5.705,3.945,304,396.42,0.25356,9.9,0.544,77.7,4,18.4,11.5,16.2
0,0,5.914,3.9986,304,390.7,0.31827,9.9,0.544,83.2,4,18.4,18.33,17.8
0,0,5.782,4.0317,304,396.9,0.24522,9.9,0.544,71.7,4,18.4,15.94,19.8
0,0,6.382,3.5325,304,395.21,0.40202,9.9,0.544,67.2,4,18.4,10.36,23.1
0,0,6.113,4.0019,304,396.23,0.47547,9.9,0.544,58.8,4,18.4,12.73,21
0,0,6.426,4.5404,287,396.9,0.1676,7.38,0.493,52.3,5,19.6,7.2,23.8
0,0,6.376,4.5404,287,396.9,0.18159,7.38,0.493,54.3,5,19.6,6.87,23.1
0,0,6.041,4.7211,287,396.9,0.35114,7.38,0.493,49.9,5,19.6,7.7,20.4
0,0,5.708,4.7211,287,391.13,0.28392,7.38,0.493,74.3,5,19.6,11.74,18.5
0,0,6.415,4.7211,287,396.9,0.34109,7.38,0.493,40.1,5,19.6,6.12,25
0,0,6.431,5.4159,287,393.68,0.19186,7.38,0.493,14.7,5,19.6,5.08,24.6
0,0,6.312,5.4159,287,396.9,0.30347,7.38,0.493,28.9,5,19.6,6.15,23
0,0,6.083,5.4159,287,396.9,0.24103,7.38,0.493,43.7,5,19.6,12.79,22.2
0,0,5.868,5.2146,430,382.44,0.06617,3.24,0.46,25.8,4,16.9,9.97,19.3
0,0,6.333,5.2146,430,375.21,0.06724,3.24,0.46,17.2,4,16.9,7.34,22.6
0,0,6.144,5.8736,430,368.57,0.04544,3.24,0.46,32.2,4,16.9,9.09,19.8
35,0,5.706,6.6407,304,394.02,0.05023,6.06,0.4379,28.4,1,16.9,12.43,17.1
35,0,6.031,6.6407,304,362.25,0.03466,6.06,0.4379,23.3,1,16.9,7.83,19.4
0,0,6.316,6.4584,224,389.71,0.05083,5.19,0.515,38.1,5,20.2,5.68,22.2
0,0,6.31,6.4584,224,389.4,0.03738,5.19,0.515,38.5,5,20.2,6.75,20.7
0,0,6.037,5.9853,224,396.9,0.03961,5.19,0.515,34.5,5,20.2,8.01,21.1
0,0,5.869,5.2311,224,396.9,0.03427,5.19,0.515,46.3,5,20.2,9.8,19.5
0,0,5.895,5.615,224,394.81,0.03041,5.19,0.515,59.6,5,20.2,10.56,18.5
0,0,6.059,4.8122,224,396.14,0.03306,5.19,0.515,37.3,5,20.2,8.51,20.6
0,0,5.985,4.8122,224,396.9,0.05497,5.19,0.515,45.4,5,20.2,9.74,19
0,0,5.968,4.8122,224,396.9,0.06151,5.19,0.515,58.5,5,20.2,9.29,18.7
35,0,7.241,7.0379,284,394.74,0.01301,1.52,0.442,49.3,1,15.5,5.49,32.7
0,0,6.54,6.2669,422,389.96,0.02498,1.89,0.518,59.7,1,15.9,8.65,16.5
55,0,6.696,5.7321,370,396.9,0.02543,3.78,0.484,56.4,5,17.6,7.18,23.9
55,0,6.874,6.4654,370,387.97,0.03049,3.78,0.484,28.1,5,17.6,4.61,31.2
0,0,6.014,8.0136,352,385.64,0.03113,4.39,0.442,48.5,3,18.8,10.53,17.5
0,0,5.898,8.0136,352,364.61,0.06162,4.39,0.442,52.3,3,18.8,12.67,17.2
85,0,6.516,8.5353,351,392.43,0.0187,4.15,0.429,27.7,4,17.9,6.36,23.1
80,0,6.635,8.344,280,390.94,0.01501,2.01,0.435,29.7,4,17,5.99,24.5
40,0,6.939,8.7921,335,389.85,0.02899,1.25,0.429,34.5,1,19.7,5.89,26.6
40,0,6.49,8.7921,335,396.9,0.06211,1.25,0.429,44.4,1,19.7,5.98,22.9
60,0,6.579,10.7103,411,370.78,0.0795,1.69,0.411,35.9,4,18.3,5.49,24.1
60,0,5.884,10.7103,411,392.33,0.07244,1.69,0.411,18.5,4,18.3,7.79,18.6
90,0,6.728,12.1265,187,384.46,0.01709,2.02,0.41,36.1,5,17,4.5,30.1
80,0,5.663,10.5857,334,382.8,0.04301,1.91,0.413,21.9,4,22,8.05,18.2
80,0,5.936,10.5857,334,376.04,0.10659,1.91,0.413,19.5,4,22,5.57,20.6
0,1,6.212,2.1222,666,377.73,8.98296,18.1,0.77,97.4,24,20.2,17.6,17.8
0,1,6.395,2.5052,666,391.34,3.8497,18.1,0.77,91,24,20.2,13.27,21.7
0,1,6.127,2.7227,666,395.43,5.20177,18.1,0.77,83.4,24,20.2,11.48,22.7
0,0,6.112,2.5091,666,390.74,4.26131,18.1,0.77,81.3,24,20.2,12.67,22.6
0,0,6.398,2.5182,666,374.56,4.54192,18.1,0.77,88,24,20.2,7.79,25
0,0,6.251,2.2955,666,350.65,3.83684,18.1,0.77,91.1,24,20.2,14.19,19.9
0,0,5.362,2.1036,666,380.79,3.67822,18.1,0.77,96.2,24,20.2,10.19,20.8
0,1,5.803,1.9047,666,353.04,4.22239,18.1,0.77,89,24,20.2,14.64,16.8
0,1,8.78,1.9047,666,354.55,3.47428,18.1,0.718,82.9,24,20.2,5.29,21.9
0,0,3.561,1.6132,666,354.7,4.55587,18.1,0.718,87.9,24,20.2,7.12,27.5
0,0,4.963,1.7523,666,316.03,3.69695,18.1,0.718,91.4,24,20.2,14,21.9
0,0,3.863,1.5106,666,131.42,13.5222,18.1,0.631,100,24,20.2,13.33,23.1
0,0,4.97,1.3325,666,375.52,4.89822,18.1,0.631,100,24,20.2,3.26,50
0,1,6.683,1.3567,666,375.33,5.66998,18.1,0.631,96.8,24,20.2,3.73,50
0,1,7.016,1.2024,666,392.05,6.53876,18.1,0.631,97.5,24,20.2,2.96,50
0,0,6.216,1.1691,666,366.15,9.2323,18.1,0.631,100,24,20.2,9.53,50
0,1,5.875,1.1296,666,347.88,8.26725,18.1,0.668,89.6,24,20.2,8.88,50
0,0,4.906,1.1742,666,396.9,11.1081,18.1,0.668,100,24,20.2,34.77,13.8
0,0,4.138,1.137,666,396.9,18.4982,18.1,0.668,100,24,20.2,37.97,13.8
0,0,7.313,1.3163,666,396.9,19.6091,18.1,0.671,97.9,24,20.2,13.44,15
0,0,6.649,1.3449,666,363.02,15.288,18.1,0.671,93.3,24,20.2,23.24,13.9
0,0,6.794,1.358,666,396.9,9.82349,18.1,0.671,98.8,24,20.2,21.24,13.3
0,0,6.38,1.3861,666,396.9,23.6482,18.1,0.671,96.2,24,20.2,23.69,13.1
0,0,6.223,1.3861,666,393.74,17.8667,18.1,0.671,100,24,20.2,21.78,10.2
0,0,6.968,1.4165,666,396.9,88.9762,18.1,0.671,91.9,24,20.2,17.21,10.4
0,0,6.545,1.5192,666,396.9,15.8744,18.1,0.671,99.1,24,20.2,21.08,10.9
0,0,5.536,1.5804,666,396.9,9.18702,18.1,0.7,100,24,20.2,23.6,11.3
0,0,5.52,1.5331,666,396.9,7.99248,18.1,0.7,100,24,20.2,24.56,12.3
0,0,4.368,1.4395,666,285.83,20.0849,18.1,0.7,91.2,24,20.2,30.63,8.8
0,0,5.277,1.4261,666,396.9,16.8118,18.1,0.7,98.1,24,20.2,30.81,7.2
0,0,4.652,1.4672,666,396.9,24.3938,18.1,0.7,100,24,20.2,28.28,10.5
0,0,5,1.5184,666,396.9,22.5971,18.1,0.7,89.5,24,20.2,31.99,7.4
0,0,4.88,1.5895,666,372.92,14.3337,18.1,0.7,100,24,20.2,30.62,10.2
0,0,5.39,1.7281,666,396.9,8.15174,18.1,0.7,98.9,24,20.2,20.85,11.5
0,0,5.713,1.9265,666,394.43,6.96215,18.1,0.7,97,24,20.2,17.11,15.1
0,0,6.051,2.1678,666,378.38,5.29305,18.1,0.7,82.5,24,20.2,18.76,23.2
0,0,5.036,1.77,666,396.9,11.5779,18.1,0.7,97,24,20.2,25.68,9.7
0,0,6.193,1.7912,666,396.9,8.64476,18.1,0.693,92.6,24,20.2,15.17,13.8
0,0,5.887,1.7821,666,396.9,13.3598,18.1,0.693,94.7,24,20.2,16.35,12.7
0,0,6.471,1.7257,666,391.98,8.71675,18.1,0.693,98.8,24,20.2,17.12,13.1
0,0,6.405,1.6768,666,396.9,5.87205,18.1,0.693,96,24,20.2,19.37,12.5
0,0,5.747,1.6334,666,393.1,7.67202,18.1,0.693,98.9,24,20.2,19.92,8.5
0,0,5.453,1.4896,666,396.9,38.3518,18.1,0.693,100,24,20.2,30.59,5
0,0,5.852,1.5004,666,338.16,9.91655,18.1,0.693,77.8,24,20.2,29.97,6.3
0,0,5.987,1.5888,666,396.9,25.0461,18.1,0.693,100,24,20.2,26.77,5.6
0,0,6.343,1.5741,666,396.9,14.2362,18.1,0.693,100,24,20.2,20.32,7.2
0,0,6.404,1.639,666,376.11,9.59571,18.1,0.693,100,24,20.2,20.31,12.1
0,0,5.349,1.7028,666,396.9,24.8017,18.1,0.693,96,24,20.2,19.77,8.3
0,0,5.531,1.6074,666,329.46,41.5292,18.1,0.693,85.4,24,20.2,27.38,8.5
0,0,5.683,1.4254,666,384.97,67.9208,18.1,0.693,100,24,20.2,22.98,5
0,0,4.138,1.1781,666,370.22,20.7162,18.1,0.659,100,24,20.2,23.34,11.9
0,0,5.608,1.2852,666,332.09,11.9511,18.1,0.659,100,24,20.2,12.13,27.9
0,0,5.617,1.4547,666,314.64,7.40389,18.1,0.597,97.9,24,20.2,26.4,17.2
0,0,6.852,1.4655,666,179.36,14.4383,18.1,0.597,100,24,20.2,19.78,27.5
0,0,5.757,1.413,666,2.6,51.1358,18.1,0.597,100,24,20.2,10.11,15
0,0,6.657,1.5275,666,35.05,14.0507,18.1,0.597,100,24,20.2,21.22,17.2
0,0,4.628,1.5539,666,28.79,18.811,18.1,0.597,100,24,20.2,34.37,17.9
0,0,5.155,1.5894,666,210.97,28.6558,18.1,0.597,100,24,20.2,20.08,16.3
0,0,4.519,1.6582,666,88.27,45.7461,18.1,0.693,100,24,20.2,36.98,7
0,0,6.434,1.8347,666,27.25,18.0846,18.1,0.679,100,24,20.2,29.05,7.2
0,0,6.782,1.8195,666,21.57,10.8342,18.1,0.679,90.8,24,20.2,25.79,7.5
0,0,5.304,1.6475,666,127.36,25.9406,18.1,0.679,89.1,24,20.2,26.64,10.4
0,0,5.957,1.8026,666,16.45,73.5341,18.1,0.679,100,24,20.2,20.62,8.8
0,0,6.824,1.794,666,48.45,11.8123,18.1,0.718,76.5,24,20.2,22.74,8.4
0,0,6.411,1.8589,666,318.75,11.0874,18.1,0.718,100,24,20.2,15.02,16.7
0,0,6.006,1.8746,666,319.98,7.02259,18.1,0.718,95.3,24,20.2,15.7,14.2
0,0,5.648,1.9512,666,291.55,12.0482,18.1,0.614,87.6,24,20.2,14.1,20.8
0,0,6.103,2.0218,666,2.52,7.05042,18.1,0.614,85.1,24,20.2,23.29,13.4
0,0,5.565,2.0635,666,3.65,8.79212,18.1,0.584,70.6,24,20.2,17.16,11.7
0,0,5.896,1.9096,666,7.68,15.8603,18.1,0.679,95.4,24,20.2,24.39,8.3
0,0,5.837,1.9976,666,24.65,12.2472,18.1,0.584,59.7,24,20.2,15.69,10.2
0,0,6.202,1.8629,666,18.82,37.6619,18.1,0.679,78.7,24,20.2,14.52,10.9
0,0,6.193,1.9356,666,96.73,7.36711,18.1,0.679,78.1,24,20.2,21.52,11
0,0,6.38,1.9682,666,60.72,9.33889,18.1,0.679,95.6,24,20.2,24.08,9.5
0,0,6.348,2.0527,666,83.45,8.49213,18.1,0.584,86.1,24,20.2,17.64,14.5
0,0,6.833,2.0882,666,81.33,10.0623,18.1,0.584,94.3,24,20.2,19.69,14.1
0,0,6.425,2.2004,666,97.95,6.44405,18.1,0.584,74.8,24,20.2,12.03,16.1
0,0,6.436,2.3158,666,100.19,5.58107,18.1,0.713,87.9,24,20.2,16.22,14.3
0,0,6.208,2.2222,666,100.63,13.9134,18.1,0.713,95,24,20.2,15.17,11.7
0,0,6.629,2.1247,666,109.85,11.1604,18.1,0.74,94.6,24,20.2,23.27,13.4
0,0,6.461,2.0026,666,27.49,14.4208,18.1,0.74,93.3,24,20.2,18.05,9.6
0,0,6.152,1.9142,666,9.32,15.1772,18.1,0.74,100,24,20.2,26.45,8.7
0,0,5.935,1.8206,666,68.95,13.6781,18.1,0.74,87.9,24,20.2,34.02,8.4
0,0,5.627,1.8172,666,396.9,9.39063,18.1,0.74,93.9,24,20.2,22.88,12.8
0,0,5.818,1.8662,666,391.45,22.0511,18.1,0.74,92.4,24,20.2,22.11,10.5
0,0,6.406,2.0651,666,385.96,9.72418,18.1,0.74,97.2,24,20.2,19.52,17.1
0,0,6.219,2.0048,666,395.69,5.66637,18.1,0.74,100,24,20.2,16.59,18.4
0,0,6.485,1.9784,666,386.73,9.96654,18.1,0.74,100,24,20.2,18.85,15.4
0,0,5.854,1.8956,666,240.52,12.8023,18.1,0.74,96.6,24,20.2,23.79,10.8
0,0,6.459,1.9879,666,43.06,10.6718,18.1,0.74,94.8,24,20.2,23.98,11.8
0,0,6.341,2.072,666,318.01,6.28807,18.1,0.74,96.4,24,20.2,17.79,14.9
0,0,6.251,2.198,666,388.52,9.92485,18.1,0.74,96.6,24,20.2,16.44,12.6
0,0,6.185,2.2616,666,396.9,9.32909,18.1,0.713,98.7,24,20.2,18.13,14.1
0,0,6.417,2.185,666,304.21,7.52601,18.1,0.713,98.3,24,20.2,19.31,13
0,0,6.749,2.3236,666,0.32,6.71772,18.1,0.713,92.6,24,20.2,17.44,13.4
0,0,6.655,2.3552,666,355.29,5.44114,18.1,0.713,98.2,24,20.2,17.73,15.2
0,0,6.297,2.3682,666,385.09,5.09017,18.1,0.713,91.8,24,20.2,17.27,16.1
0,0,7.393,2.4527,666,375.87,8.24809,18.1,0.713,99.3,24,20.2,16.74,17.8
0,0,6.728,2.4961,666,6.68,9.51363,18.1,0.713,94.1,24,20.2,18.71,14.9
0,0,6.525,2.4358,666,50.92,4.75237,18.1,0.713,86.5,24,20.2,18.13,14.1
0,0,5.976,2.5806,666,10.48,4.66883,18.1,0.713,87.9,24,20.2,19.01,12.7
0,0,5.936,2.7792,666,3.5,8.20058,18.1,0.713,80.3,24,20.2,16.94,13.5
0,0,6.301,2.7831,666,272.21,7.75223,18.1,0.713,83.7,24,20.2,16.23,14.9
0,0,6.081,2.7175,666,396.9,6.80117,18.1,0.713,84.4,24,20.2,14.7,20
0,0,6.701,2.5975,666,255.23,4.81213,18.1,0.713,90,24,20.2,16.42,16.4
0,0,6.376,2.5671,666,391.43,3.69311,18.1,0.713,88.4,24,20.2,14.65,17.7
0,0,6.317,2.7344,666,396.9,6.65492,18.1,0.713,83,24,20.2,13.99,19.5
0,0,6.513,2.8016,666,393.82,5.82115,18.1,0.713,89.9,24,20.2,10.29,20.2
0,0,6.209,2.9634,666,396.9,7.83932,18.1,0.655,65.4,24,20.2,13.22,21.4
0,0,5.759,3.0665,666,334.4,3.1636,18.1,0.655,48.2,24,20.2,14.13,19.9
0,0,5.952,2.8715,666,22.01,3.77498,18.1,0.655,84.7,24,20.2,17.15,19
0,0,6.003,2.5403,666,331.29,4.42228,18.1,0.584,94.5,24,20.2,21.32,19.1
0,0,5.926,2.9084,666,368.74,15.5757,18.1,0.58,71,24,20.2,18.13,19.1
0,0,5.713,2.8237,666,396.9,13.0751,18.1,0.58,56.7,24,20.2,14.76,20.1
0,0,6.167,3.0334,666,396.9,4.34879,18.1,0.58,84,24,20.2,16.29,19.9
0,0,6.229,3.0993,666,395.33,4.03841,18.1,0.532,90.7,24,20.2,12.87,19.6
0,0,6.437,2.8965,666,393.37,3.56868,18.1,0.58,75,24,20.2,14.36,23.2
0,0,6.98,2.5329,666,374.68,4.64689,18.1,0.614,67.6,24,20.2,11.66,29.8
0,0,5.427,2.4298,666,352.58,8.05579,18.1,0.584,95.4,24,20.2,18.14,13.8
0,0,6.162,2.206,666,302.76,6.39312,18.1,0.584,97.4,24,20.2,24.1,13.3
0,0,6.484,2.3053,666,396.21,4.87141,18.1,0.614,93.6,24,20.2,18.68,16.7
0,0,5.304,2.1007,666,349.48,15.0234,18.1,0.614,97.3,24,20.2,24.91,12
0,0,6.185,2.1705,666,379.7,10.233,18.1,0.614,96.7,24,20.2,18.03,14.6
0,0,6.229,1.9512,666,383.32,14.3337,18.1,0.614,88,24,20.2,13.11,21.4
0,0,6.242,3.4242,666,396.9,5.82401,18.1,0.532,64.7,24,20.2,10.74,23
0,0,6.75,3.3317,666,393.07,5.70818,18.1,0.532,74.9,24,20.2,7.74,23.7
0,0,7.061,3.4106,666,395.28,5.73116,18.1,0.532,77,24,20.2,7.01,25
0,0,5.762,4.0983,666,392.92,2.81838,18.1,0.532,40.3,24,20.2,10.42,21.8
0,0,5.871,3.724,666,370.73,2.37857,18.1,0.583,41.9,24,20.2,13.34,20.6
0,0,6.312,3.9917,666,388.62,3.67367,18.1,0.583,51.9,24,20.2,10.58,21.2
0,0,6.114,3.5459,666,392.68,5.69175,18.1,0.583,79.8,24,20.2,14.98,19.1
0,0,5.905,3.1523,666,388.22,4.83567,18.1,0.583,53.2,24,20.2,11.45,20.6
0,0,5.454,1.8209,711,395.09,0.15086,27.74,0.609,92.7,4,20.1,18.06,15.2
0,0,5.414,1.7554,711,344.05,0.18337,27.74,0.609,98.3,4,20.1,23.97,7
0,0,5.093,1.8226,711,318.43,0.20746,27.74,0.609,98,4,20.1,29.68,8.1
0,0,5.983,1.8681,711,390.11,0.10574,27.74,0.609,98.8,4,20.1,18.07,13.6
0,0,5.983,2.1099,711,396.9,0.11132,27.74,0.609,83.5,4,20.1,13.35,20.1
0,0,5.707,2.3817,391,396.9,0.17331,9.69,0.585,54,6,19.2,12.01,21.8
0,0,5.926,2.3817,391,396.9,0.27957,9.69,0.585,42.6,6,19.2,13.59,24.5
0,0,5.67,2.7986,391,393.29,0.17899,9.69,0.585,28.8,6,19.2,17.6,23.1
0,0,5.39,2.7986,391,396.9,0.2896,9.69,0.585,72.9,6,19.2,21.14,19.7
0,0,5.794,2.8927,391,396.9,0.26838,9.69,0.585,70.6,6,19.2,14.1,18.3
0,0,6.019,2.4091,391,396.9,0.23912,9.69,0.585,65.3,6,19.2,12.92,21.2
0,0,5.569,2.3999,391,395.77,0.17783,9.69,0.585,73.5,6,19.2,15.1,17.5
0,0,6.027,2.4982,391,396.9,0.22438,9.69,0.585,79.7,6,19.2,14.33,16.8
0,0,6.593,2.4786,273,391.99,0.06263,11.93,0.573,69.1,1,21,9.67,22.4
0,0,6.12,2.2875,273,396.9,0.04527,11.93,0.573,76.7,1,21,9.08,20.6
0,0,6.976,2.1675,273,396.9,0.06076,11.93,0.573,91,1,21,5.64,23.9
0,0,6.794,2.3889,273,393.45,0.10959,11.93,0.573,89.3,1,21,6.48,22
0,0,6.03,2.505,273,396.9,0.04741,11.93,0.573,80.8,1,21,7.88,11.9
